{
  "hash": "7925d8f2",
  "configHash": "04e7e544",
  "lockfileHash": "ca76b5ca",
  "browserHash": "09a22fee",
  "optimized": {
    "@angular/core": {
      "src": "../../../../../../node_modules/@angular/core/fesm2022/core.mjs",
      "file": "@angular_core.js",
      "fileHash": "c6ae2512",
      "needsInterop": false
    },
    "@angular/platform-browser": {
      "src": "../../../../../../node_modules/@angular/platform-browser/fesm2022/platform-browser.mjs",
      "file": "@angular_platform-browser.js",
      "fileHash": "2f10aede",
      "needsInterop": false
    },
    "@angular/router": {
      "src": "../../../../../../node_modules/@angular/router/fesm2022/router.mjs",
      "file": "@angular_router.js",
      "fileHash": "6023ed45",
      "needsInterop": false
    },
    "@angular/common/http": {
      "src": "../../../../../../node_modules/@angular/common/fesm2022/http.mjs",
      "file": "@angular_common_http.js",
      "fileHash": "3fb48578",
      "needsInterop": false
    },
    "@angular/forms": {
      "src": "../../../../../../node_modules/@angular/forms/fesm2022/forms.mjs",
      "file": "@angular_forms.js",
      "fileHash": "0e1dd5c0",
      "needsInterop": false
    },
    "rxjs": {
      "src": "../../../../../../node_modules/rxjs/dist/esm5/index.js",
      "file": "rxjs.js",
      "fileHash": "c6b37bf7",
      "needsInterop": false
    }
  },
  "chunks": {
    "chunk-XMHAI7M7": {
      "file": "chunk-XMHAI7M7.js"
    },
    "chunk-3DIHLVPG": {
      "file": "chunk-3DIHLVPG.js"
    },
    "chunk-SSV7273L": {
      "file": "chunk-SSV7273L.js"
    },
    "chunk-7EDW3FV7": {
      "file": "chunk-7EDW3FV7.js"
    },
    "chunk-5TID76VL": {
      "file": "chunk-5TID76VL.js"
    }
  }
}